"timestamp","download","upload","jitter","latency","packet loss"
"10/08/2022 15:27:36","266.192384","48.339784","0.279","7.472","N/A"
"10/08/2022 15:31:48","266.808896","48.360184","0.368","8.022","N/A"
"10/08/2022 15:32:21","266.58592","48.465872","0.175","8.117","N/A"
"10/08/2022 15:33:09","266.064408","48.367872","0.185","7.523","N/A"
"10/08/2022 15:34:29","266.596032","48.489904","0.008","8.231","N/A"
"10/08/2022 15:38:48","266.299952","48.449856","0.496","7.597","N/A"
"10/08/2022 15:44:42","266.94232","48.49276","0.273","8.704","N/A"
"10/08/2022 15:48:02","266.254888","48.336352","0.377","8.083","N/A"
"10/08/2022 15:52:00","266.278816","48.541112","0.053","8.164","N/A"
"10/08/2022 16:00:18","266.455344","48.616272","0.333","7.432","N/A"
"10/08/2022 17:00:18","266.24384","47.837072","0.07","7.417","N/A"
"10/08/2022 18:00:19","261.718376","48.368296","0.067","8.906","N/A"
"10/08/2022 19:00:14","265.962792","48.434856","0.097","8.832","N/A"
"10/08/2022 20:00:17","266.601976","48.374208","0.188","7.463","N/A"
"10/08/2022 21:00:18","266.419832","48.368848","0.361","8.285","N/A"
"10/08/2022 22:00:25","266.394784","48.174704","0.365","7.465","N/A"
"10/08/2022 23:00:19","259.749752","48.348312","0.053","8.937","N/A"
"10/09/2022 00:00:14","259.376264","48.409984","0.351","8.254","N/A"
"10/09/2022 01:00:18","266.439448","48.424616","0.017","8.212","N/A"
"10/09/2022 02:00:16","265.851488","48.53164","0.207","8.201","N/A"
"10/09/2022 03:00:15","266.3306","48.468512","0.341","8.171","N/A"
"10/09/2022 04:00:17","266.5364","48.460904","0.284","8.354","N/A"
"10/09/2022 05:00:20","266.64436","48.451848","0.502","8.217","N/A"
"10/09/2022 06:00:24","266.516008","48.4384","0.033","8.203","N/A"
"10/09/2022 07:00:12","266.5852","48.293008","0.013","8.97","N/A"
"10/09/2022 08:00:25","266.022096","48.465616","0.21","8.245","N/A"
"10/09/2022 09:00:19","266.479896","48.463512","0.107","8.873","N/A"
"10/09/2022 10:00:15","251.677152","48.433816","0.023","8.931","N/A"
"10/09/2022 10:15:29","266.566952","48.470256","0.092","8.926","N/A"
"10/09/2022 10:16:53","266.543344","48.53044","0.321","8.274","N/A"
"10/09/2022 10:19:05","267.203232","48.453984","0.213","8.228","N/A"
"10/09/2022 10:21:33","266.520992","48.44952","0.236","8.292","N/A"
"10/09/2022 10:28:41","265.310928","48.404648","0.038","8.202","N/A"
"10/09/2022 11:00:14","266.049664","48.416776","0.019","8.234","N/A"
"10/09/2022 11:06:07","265.74032","48.398448","0.481","8.259","N/A"
"10/09/2022 11:12:25","266.317328","48.285576","0.327","7.577","N/A"
"10/09/2022 11:13:49","266.600848","48.453248","0.141","8.41","N/A"
"10/09/2022 12:00:12","265.8518","48.33648","0.619","8.226","N/A"
"10/09/2022 13:00:19","259.409552","48.484256","0.022","8.208","N/A"
"10/09/2022 14:00:18","266.851992","48.370136","0.007","8.211","N/A"
"10/09/2022 15:00:17","266.216856","48.595864","0.349","8.272","N/A"
"10/09/2022 16:00:19","266.468224","48.462976","0.357","8.149","N/A"
"10/09/2022 17:00:17","265.058608","48.465632","0.016","8.206","N/A"
"10/09/2022 18:00:17","266.7268","48.458704","0.209","8.187","N/A"
"10/09/2022 19:00:15","266.61996","48.342296","0.319","8","N/A"
"10/09/2022 20:00:20","266.602816","48.316912","0.003","8.238","N/A"
"10/09/2022 21:00:23","249.534672","48.400736","0.499","8.235","N/A"
"10/09/2022 22:00:23","227.899936","48.408496","0.234","8.207","N/A"
"10/09/2022 23:00:25","266.410272","48.30276","0.185","8.212","N/A"
"10/10/2022 00:00:12","266.489808","48.279232","0.367","7.514","N/A"
"12/13/2022 15:30:35","293.447104","47.779728","0.184","8.004","N/A"
"12/13/2022 15:31:04","293.178496","47.667256","0.065","7.386","N/A"
"12/13/2022 15:31:40","293.470096","47.695856","0.073","8.17","N/A"
"12/13/2022 16:00:25","291.656208","46.239208","0.025","8.208","N/A"
"12/13/2022 17:00:17","289.984944","47.770288","0.027","7.441","N/A"
"12/13/2022 18:00:19","292.977576","48.422536","0.226","7.27","N/A"
"12/13/2022 19:00:14","285.105872","48.373952","0.229","7.148","N/A"
"12/13/2022 20:00:18","290.597032","48.296536","0.21","7.437","N/A"
"12/13/2022 21:00:15","291.284168","48.479552","0.24","7.373","N/A"
"12/13/2022 22:00:19","292.727608","48.400176","0.399","7.466","N/A"
"12/13/2022 23:00:12","283.550888","47.476424","0.016","7.461","N/A"
"12/14/2022 00:00:23","292.194568","48.364592","0.028","7.451","N/A"
"12/14/2022 01:00:16","294.457216","48.394816","0.048","7.429","N/A"
"12/14/2022 02:00:13","294.150152","48.350808","0.067","7.439","N/A"
"12/14/2022 03:00:22","292.560376","48.320592","0.004","7.47","N/A"
"12/14/2022 04:00:20","295.153072","48.59552","0.499","7.269","N/A"
"12/14/2022 05:00:33","292.815408","48.463432","1.045","7.272","N/A"
"12/14/2022 06:00:21","294.98244","48.431656","0.517","7.541","N/A"
"12/14/2022 07:00:19","294.085776","48.476272","0.207","7.455","N/A"
"12/14/2022 08:00:20","295.341312","48.482464","0.18","7.521","N/A"
"12/14/2022 09:00:20","293.369736","48.0892","0.118","7.214","N/A"
"12/14/2022 10:00:22","288.486616","48.103456","0.368","7.486","N/A"
"12/14/2022 11:00:20","277.961648","47.601184","0.215","7.421","N/A"
"12/14/2022 12:00:19","269.502144","47.564392","0.329","7.546","N/A"
"12/14/2022 13:00:16","282.388904","45.83732","0.384","7.639","N/A"
"12/14/2022 14:00:21","279.214776","47.395568","0.443","7.199","N/A"
"12/14/2022 15:00:16","289.272264","47.513544","0.223","7.257","N/A"
"12/14/2022 16:00:26","292.889008","48.071296","0.072","7.439","N/A"
"12/14/2022 17:00:20","293.002944","48.215048","0.07","7.448","N/A"
"12/14/2022 18:00:20","293.609168","48.338368","0.128","7.406","N/A"
"12/14/2022 19:00:19","293.939376","48.438344","0.23","7.207","N/A"
"12/14/2022 20:00:27","294.316392","48.201544","0.233","7.289","N/A"
"12/14/2022 21:00:18","291.753952","48.122544","0.22","7.282","N/A"
"12/14/2022 22:00:19","282.387992","48.342016","0.056","7.408","N/A"
"12/14/2022 23:00:20","293.89556","48.201728","0.451","7.549","N/A"
"12/15/2022 00:00:19","292.828936","47.789544","0.246","7.262","N/A"
"12/15/2022 01:00:21","293.298104","48.30412","0.181","7.311","N/A"
"12/15/2022 02:00:20","295.443424","48.396544","0.17","7.33","N/A"
"12/15/2022 03:00:15","294.064104","48.213424","0.299","7.385","N/A"
"12/15/2022 04:00:19","295.061168","48.294816","0.391","7.418","N/A"
"12/15/2022 05:00:23","295.23304","48.41532","0.437","7.195","N/A"
"12/15/2022 06:00:20","298.622504","48.387128","0.154","7.269","N/A"
"12/15/2022 07:00:19","294.890056","48.424568","0.212","7.252","N/A"
"12/15/2022 08:00:19","290.390168","48.530808","0.157","7.46","N/A"
"12/15/2022 09:00:18","293.380512","48.484592","0.109","7.375","N/A"
"12/15/2022 10:00:27","295.911648","48.146408","0.545","7.268","N/A"
"12/15/2022 11:00:19","291.713656","48.230712","0.21","7.359","N/A"
"12/15/2022 12:00:15","291.19296","48.337408","0.491","7.501","N/A"
"12/15/2022 13:00:20","292.101448","48.436328","0.15","7.392","N/A"
"12/15/2022 14:00:28","296.620064","48.205992","0.13","7.326","N/A"
"12/15/2022 15:00:20","295.829016","48.478448","0.179","7.256","N/A"
"12/15/2022 16:00:28","294.007704","48.337792","0.096","7.432","N/A"
"12/15/2022 17:00:19","288.478048","48.07808","0.208","7.433","N/A"
"12/15/2022 18:00:20","289.765792","47.936016","0.044","7.439","N/A"
"12/15/2022 19:00:22","285.284704","47.883816","0.241","7.441","N/A"
"12/15/2022 20:00:18","276.133608","47.603392","1.303","7.493","N/A"
"12/15/2022 21:00:19","274.880728","47.618632","0.296","7.302","N/A"
"12/15/2022 22:00:19","285.11328","47.451264","0.233","7.424","N/A"
"12/15/2022 23:00:22","290.54344","47.617968","0.029","7.459","N/A"
"12/16/2022 00:00:19","291.15816","47.761848","0.25","7.314","N/A"
"12/16/2022 01:00:20","289.9782","47.618064","0.167","7.421","N/A"
"12/16/2022 02:00:19","292.260352","47.669144","0.131","7.341","N/A"
"12/16/2022 03:00:20","291.5418","47.548008","0.028","7.481","N/A"
"12/16/2022 04:00:20","288.350592","47.384464","0.181","7.501","N/A"
"12/16/2022 05:00:22","289.017904","47.358264","0.218","7.452","N/A"
"12/16/2022 06:00:28","289.224384","47.137688","0.516","7.449","N/A"
"12/16/2022 07:00:27","290.051752","46.989","0.178","7.423","N/A"
"12/16/2022 08:00:19","291.395032","47.09308","0.336","6.808","N/A"
"12/16/2022 09:00:15","293.91356","46.7378","0.749","7.223","N/A"
"12/16/2022 10:00:26","286.737656","46.646576","0.376","7.541","N/A"
"12/16/2022 11:00:21","287.055448","46.95604","0.123","7.229","N/A"
"12/16/2022 12:00:28","292.68768","46.78256","0.222","7.318","N/A"
"12/16/2022 13:00:20","290.55012","47.061952","0.027","7.445","N/A"
"12/16/2022 14:00:15","293.29816","46.781648","0.325","7.272","N/A"
"12/16/2022 15:00:27","293.877424","46.900696","0.522","7.47","N/A"
"12/16/2022 16:00:18","293.988144","47.014864","0.021","7.459","N/A"
"12/16/2022 17:00:27","293.999032","46.716864","0.119","7.287","N/A"
"12/16/2022 18:00:27","294.60228","46.62528","0.053","7.435","N/A"
"12/16/2022 19:00:20","294.570136","46.923336","0.439","7.606","N/A"
"12/16/2022 20:00:28","285.845968","46.861752","0.163","7.337","N/A"
"12/16/2022 21:00:19","294.546496","46.983136","0.039","7.44","N/A"
"12/16/2022 22:00:23","273.858864","47.148208","0.067","7.44","N/A"
"12/16/2022 23:00:20","272.125392","46.79108","0.44","7.409","N/A"
"12/17/2022 00:00:27","294.671616","46.961328","0.079","7.396","N/A"
"12/17/2022 01:00:16","295.820504","47.025648","0.049","7.417","N/A"
"12/17/2022 02:00:27","295.748432","46.897352","0.06","7.433","N/A"
"12/17/2022 03:00:22","296.332816","47.077496","0.497","7.288","N/A"
"12/17/2022 04:00:19","295.52116","47.068352","0.31","7.268","N/A"
"12/17/2022 05:00:21","293.809376","47.595648","0.021","7.459","N/A"
"12/17/2022 06:00:27","294.369776","46.960688","0.213","7.448","N/A"
"12/17/2022 07:00:20","294.534152","47.510184","0.361","7.466","N/A"
"12/17/2022 08:00:19","296.19192","47.096256","0.387","7.555","N/A"
"12/17/2022 09:00:27","296.02756","47.019624","0.173","7.481","N/A"
"12/17/2022 10:00:27","294.671232","46.9696","0.229","7.461","N/A"
"12/17/2022 11:00:27","293.376536","46.841168","0.401","7.481","N/A"
"12/17/2022 12:00:19","292.82776","47.380616","0.05","7.436","N/A"
"12/17/2022 13:00:21","277.36476","46.953328","0.197","7.421","N/A"
"12/17/2022 14:00:22","285.776176","47.025216","0.365","7.464","N/A"
"12/17/2022 15:00:19","294.245848","46.970176","0.211","7.291","N/A"
"12/17/2022 16:00:23","266.94796","46.935176","0.535","7.463","N/A"
"12/17/2022 17:00:28","274.190856","46.922232","0.169","7.324","N/A"
"12/17/2022 18:00:27","295.98748","47.019384","0.056","7.411","N/A"
"12/17/2022 19:00:16","294.23396","46.98572","0.021","7.436","N/A"
"12/17/2022 20:00:19","295.64232","47.168072","0.434","7.43","N/A"
"12/17/2022 21:00:19","293.135312","47.051296","0.093","7.379","N/A"
"12/17/2022 22:00:27","294.458632","47.004976","0.101","7.303","N/A"
"12/17/2022 23:00:10","271.068088","46.764272","0.207","7.412","N/A"
"12/18/2022 00:00:29","286.985416","46.221352","0.256","7.503","N/A"
"12/18/2022 01:00:27","296.047152","46.992784","0.019","7.462","N/A"
"12/18/2022 02:00:16","292.40488","47.03124","0.424","7.331","N/A"
"12/18/2022 03:00:27","295.105328","46.94012","0.02","7.463","N/A"
"12/18/2022 04:00:19","296.706944","47.001424","0.045","7.445","N/A"
"12/18/2022 05:00:21","297.140328","47.02444","0.149","7.364","N/A"
"12/18/2022 06:00:27","297.209712","46.881904","0.111","7.4","N/A"
"12/18/2022 07:00:18","296.978064","47.119896","0.177","7.485","N/A"
"12/18/2022 08:00:27","296.147152","47.008544","0.338","7.218","N/A"
"12/18/2022 09:00:19","297.140456","46.966032","0.182","7.431","N/A"
"12/18/2022 10:00:20","296.655528","47.254424","0.189","7.461","N/A"
"12/18/2022 11:00:21","288.466576","46.951984","0.289","7.23","N/A"
"12/18/2022 12:00:28","294.572192","46.925616","0.079","7.281","N/A"
"12/18/2022 13:00:28","281.853144","46.80908","0.052","7.479","N/A"
"12/18/2022 14:00:26","274.918184","46.99272","0.139","7.481","N/A"
"12/18/2022 15:00:28","276.560272","44.59976","0.243","7.419","N/A"
"12/18/2022 16:00:19","276.657376","46.953968","0.024","7.461","N/A"
"12/18/2022 17:00:27","282.106448","47.060448","0.062","7.404","N/A"
"12/18/2022 18:00:20","280.532976","47.055392","0.132","7.379","N/A"
"12/18/2022 19:00:17","262.033784","47.05628","0.241","7.491","N/A"
"12/18/2022 20:00:23","278.810952","46.96672","0.416","7.525","N/A"
"12/18/2022 21:00:27","273.8948","46.434728","0.338","7.462","N/A"
"12/18/2022 22:00:15","257.849144","46.921848","0.115","7.389","N/A"
"12/18/2022 23:00:20","277.743424","46.986392","0.112","7.38","N/A"
"12/19/2022 00:00:20","276.934112","47.150384","0.347","7.43","N/A"
"12/19/2022 01:00:18","278.459008","46.87356","0.347","7.438","N/A"
"12/19/2022 02:00:19","278.576072","47.04244","0.323","7.462","N/A"
"12/19/2022 03:00:21","277.627496","47.412184","0.335","7.419","N/A"
"12/19/2022 04:00:27","277.465048","47.032632","0.055","7.454","N/A"
"12/19/2022 05:00:28","275.08804","46.923528","0.054","7.442","N/A"
"12/19/2022 06:00:28","274.629768","46.947528","0.036","7.476","N/A"
"12/19/2022 07:00:30","274.685432","46.892376","0.07","7.432","N/A"
"12/19/2022 08:00:19","275.826512","46.624984","0.28","7.521","N/A"
"12/19/2022 09:00:32","266.739568","46.773192","0.542","7.302","N/A"
"12/19/2022 10:00:20","265.073472","47.148312","0.488","7.421","N/A"
"12/19/2022 11:00:18","272.2948","45.515824","0.361","6.766","N/A"
"12/19/2022 12:00:27","271.020272","46.783336","0.394","7.467","N/A"
"12/19/2022 13:00:28","271.039528","46.749384","0.003","7.475","N/A"
"12/19/2022 14:00:19","270.924168","47.07844","0.388","7.238","N/A"
"12/19/2022 15:00:22","269.284448","46.837352","0.047","7.449","N/A"
"12/19/2022 16:00:21","268.076248","47.107072","0.109","7.428","N/A"
"12/19/2022 17:00:27","269.302688","46.888","0.455","7.418","N/A"
"12/19/2022 18:00:21","267.431008","47.22064","0.387","7.377","N/A"
"12/19/2022 19:00:19","267.591032","47.077624","0.541","7.446","N/A"
"12/19/2022 20:00:27","270.802864","46.94044","0.214","7.514","N/A"
"12/19/2022 21:00:28","270.24892","46.836424","0.162","7.44","N/A"
"12/19/2022 22:00:21","271.321952","47.318624","0.156","7.425","N/A"
"12/19/2022 23:00:28","270.256368","46.978488","0.47","7.215","N/A"
"12/20/2022 00:00:21","269.713536","47.015152","0.361","6.827","N/A"
"12/20/2022 01:00:20","270.812928","47.132832","0.069","7.461","N/A"
"12/20/2022 02:00:18","271.181688","47.098824","0.101","7.411","N/A"
"12/20/2022 03:00:29","269.83328","46.879664","0.353","7.31","N/A"
"12/20/2022 04:00:27","270.96608","47.061424","0.343","7.503","N/A"
"12/20/2022 05:00:20","270.472376","47.167104","0.252","7.198","N/A"
"12/20/2022 06:00:18","272.051008","47.146088","0.144","7.399","N/A"
"12/20/2022 07:00:17","272.321696","47.028512","0.358","7.458","N/A"
"12/20/2022 08:00:18","269.482608","47.014016","0.325","7.423","N/A"
"12/20/2022 09:00:27","272.868848","46.625","0.032","7.445","N/A"
"12/20/2022 10:00:27","270.6118","46.879232","0.24","7.475","N/A"
"12/20/2022 11:00:21","261.042504","47.138744","0.327","7.257","N/A"
"12/20/2022 12:00:22","270.926112","47.092096","0.003","7.473","N/A"
"12/20/2022 13:00:16","270.081112","46.774632","0.181","7.37","N/A"
"12/20/2022 14:00:18","268.9926","42.935328","0.272","7.477","N/A"
"12/20/2022 15:00:27","269.924728","46.984784","0.273","7.301","N/A"
"12/20/2022 16:00:27","270.472864","46.427584","0.26","7.464","N/A"
"12/20/2022 17:00:19","270.529096","46.916704","0.199","7.498","N/A"
"12/20/2022 18:00:21","272.115032","47.251008","0.282","7.493","N/A"
"12/20/2022 19:00:18","272.462408","47.022008","0.498","7.58","N/A"
"12/20/2022 20:00:28","271.165424","46.832744","0.138","7.461","N/A"
"12/20/2022 21:00:14","246.577592","46.895912","0.335","7.475","N/A"
"12/20/2022 22:00:27","269.018096","46.955424","0.371","7.44","N/A"
"12/20/2022 23:00:18","268.451816","46.969696","0.15","7.462","N/A"
"12/21/2022 00:00:27","263.988856","46.727744","0.317","7.462","N/A"
"12/21/2022 01:00:29","269.431512","46.875832","0.183","7.271","N/A"
"12/21/2022 02:00:21","269.02956","47.06132","0.142","7.48","N/A"
"12/21/2022 03:00:27","272.016648","46.971632","0.091","7.417","N/A"
"12/21/2022 04:00:28","270.400704","46.932776","0.281","7.105","N/A"
"12/21/2022 05:00:28","272.263632","46.986632","0.002","7.471","N/A"
"12/21/2022 06:00:19","270.14768","47.209608","0.344","7.441","N/A"
"12/21/2022 07:00:27","272.075584","46.806536","0.286","7.576","N/A"
"12/21/2022 08:00:29","271.338664","46.878584","0.192","7.311","N/A"
"12/21/2022 09:00:21","271.980688","47.486544","0.381","7.381","N/A"
"12/21/2022 10:00:15","285.68548","46.810856","0.168","7.312","N/A"
"12/21/2022 11:00:27","284.722416","47.03696","0.009","7.478","N/A"
"12/29/2022 12:00:16","223.080816","47.310272","0.017","7.431","N/A"
"12/29/2022 13:00:18","223.034776","47.218048","0.059","7.437","N/A"
"12/29/2022 14:00:14","223.11008","47.571136","0.407","7.304","N/A"
"12/29/2022 15:00:21","223.650536","47.76272","0.092","7.357","N/A"
"12/29/2022 16:00:17","222.821448","47.906616","0.555","7.33","N/A"
"12/29/2022 17:00:17","202.891416","46.877456","0.401","7.429","N/A"
"12/29/2022 18:00:16","223.063704","47.793008","0.369","7.4","N/A"
"12/29/2022 19:00:18","223.402568","47.70864","0.227","7.202","N/A"
"12/29/2022 20:00:16","222.203744","47.924016","0.105","7.368","N/A"
"12/29/2022 21:00:16","199.375776","46.457528","0.132","7.365","N/A"
"12/29/2022 22:00:17","222.791088","47.971624","0.222","7.31","N/A"
"12/29/2022 23:00:20","223.387416","48.148624","0.051","7.442","N/A"
"12/30/2022 00:00:17","223.439168","47.95056","0.245","7.281","N/A"
"12/30/2022 01:00:19","223.469256","47.996224","0.049","7.332","N/A"
"12/30/2022 02:00:13","223.854824","48.110496","0.222","7.291","N/A"
"12/30/2022 03:00:22","222.914712","48.2132","0.392","7.323","N/A"
"12/30/2022 04:00:15","223.437216","47.865448","0.034","7.46","N/A"
"12/30/2022 05:00:13","223.2228","47.81104","0.041","7.462","N/A"
"12/30/2022 06:00:19","223.250968","47.693576","0.082","7.334","N/A"
"12/30/2022 07:00:14","222.862672","47.68332","0.065","7.397","N/A"
"12/30/2022 08:00:14","223.173216","47.672216","0.038","7.42","N/A"
"12/30/2022 09:00:18","223.265384","47.588768","0.051","7.422","N/A"
"12/30/2022 10:00:14","223.348392","47.17132","0.238","7.463","N/A"
"12/30/2022 11:00:17","223.04916","47.066944","0.207","7.485","N/A"
"12/30/2022 12:00:18","223.275616","46.818976","0.486","7.511","N/A"
"12/30/2022 13:00:14","223.577936","46.46128","0.385","7.412","N/A"
"12/30/2022 14:00:17","211.670472","46.336392","0.378","7.288","N/A"
"12/30/2022 15:00:17","223.557832","46.42176","0.445","6.86","N/A"
"12/30/2022 16:00:16","222.862392","46.857792","0.379","6.76","N/A"
"12/30/2022 17:00:17","222.916928","47.012144","0.533","7.495","N/A"
"12/30/2022 18:00:17","223.20596","47.1046","0.381","7.421","N/A"
"12/30/2022 19:00:11","221.565168","46.225008","0.368","7.234","N/A"
"12/30/2022 20:00:18","223.542696","47.058352","0.331","7.346","N/A"
"12/30/2022 21:00:17","213.711472","48.249112","0.295","7.246","N/A"
"12/30/2022 22:00:19","213.578216","48.2402","0.169","7.31","N/A"
"12/30/2022 23:00:14","213.799464","44.349072","1.316","7.446","N/A"
"12/31/2022 00:00:17","213.92164","47.599768","0.332","7.495","N/A"
"12/31/2022 01:00:24","213.904504","47.139704","0.219","7.297","N/A"
"12/31/2022 02:00:14","213.316696","47.883376","0.321","7.276","N/A"
"12/31/2022 03:00:18","214.154888","47.662968","0.234","7.36","N/A"
"12/31/2022 04:00:18","213.943152","47.70884","0.365","7.225","N/A"
"12/31/2022 05:00:16","222.69548","47.958576","0.162","7.482","N/A"
"12/31/2022 06:00:17","222.214952","48.308592","0.286","7.459","N/A"
"12/31/2022 07:00:16","222.303648","48.457712","0.591","6.701","N/A"
"12/31/2022 08:00:17","221.288464","48.068472","0.373","7.554","N/A"
"12/31/2022 09:00:16","222.419848","47.686872","0.044","7.43","N/A"
"12/31/2022 10:00:15","222.052056","48.423488","0.238","7.471","N/A"
"12/31/2022 11:00:19","221.908072","48.440496","0.042","7.453","N/A"
"12/31/2022 12:00:18","216.542568","48.483288","0.575","7.29","N/A"
"12/31/2022 13:00:17","217.69764","48.336456","0.405","7.323","N/A"
"12/31/2022 14:00:17","222.689456","48.355448","0.335","7.483","N/A"
"12/31/2022 15:00:16","222.569096","48.403184","0.054","7.432","N/A"
"12/31/2022 16:00:16","221.91512","48.148","0.317","7.298","N/A"
"12/31/2022 17:00:17","222.048656","48.477472","0.659","7.044","N/A"
"12/31/2022 18:00:22","222.156688","48.466848","0.443","7.227","N/A"
"12/31/2022 19:00:13","220.713664","48.41548","0.141","7.287","N/A"
"12/31/2022 20:00:17","216.312168","48.448744","0.241","7.636","N/A"
"12/31/2022 21:00:14","221.640272","48.026896","0.331","7.574","N/A"
"12/31/2022 22:00:18","221.686224","47.32064","0.021","7.465","N/A"
"12/31/2022 23:00:19","222.08208","48.40416","0.398","7.511","N/A"
"01/01/2023 00:00:12","222.005448","48.24696","0.035","7.457","N/A"
"01/01/2023 01:00:16","221.720896","48.307208","0.374","7.424","N/A"
"01/01/2023 02:00:18","221.021688","47.162152","0.336","6.753","N/A"
"01/01/2023 03:00:17","222.115008","48.391448","0.317","6.821","N/A"
"01/01/2023 04:00:15","221.282112","48.346704","0.23","7.422","N/A"
"01/01/2023 05:00:16","221.928488","48.431936","0.433","7.505","N/A"
"01/01/2023 06:00:16","222.160848","48.503136","0.012","7.461","N/A"
"01/01/2023 07:00:18","222.508784","48.259128","0.019","7.477","N/A"
"01/01/2023 08:00:13","221.438832","48.423632","0.286","7.456","N/A"
"01/01/2023 09:00:16","222.205752","48.489752","0.314","7.283","N/A"
"01/01/2023 10:00:13","220.077392","48.119328","0.077","7.454","N/A"
"01/01/2023 11:00:16","221.090672","48.400504","0.223","7.469","N/A"
"01/01/2023 12:00:16","222.181808","48.433048","0.035","7.458","N/A"
"01/01/2023 13:00:17","221.96664","48.435344","0.034","7.437","N/A"
"01/01/2023 14:00:14","222.435968","48.392576","0.431","7.397","N/A"
"01/01/2023 15:00:15","219.78896","48.458632","0.65","7.447","N/A"
"01/01/2023 16:00:27","215.550224","48.305424","0.292","7.214","N/A"
"01/01/2023 17:00:13","221.59596","47.940944","0.067","7.411","N/A"
"01/01/2023 18:00:19","214.854352","48.321552","0.038","7.472","N/A"
"01/01/2023 19:00:19","209.823704","48.398128","0.235","7.339","N/A"
"01/01/2023 20:00:18","213.054632","48.343232","0.297","7.324","N/A"
"01/01/2023 21:00:16","214.298928","48.139568","0.35","7.505","N/A"
"01/01/2023 22:00:18","212.970536","48.244544","0.252","7.425","N/A"
"01/01/2023 23:00:16","213.248776","48.288072","0.024","7.442","N/A"
"01/02/2023 00:00:16","213.511536","48.220528","0.396","7.496","N/A"
"01/02/2023 01:00:14","221.650208","48.022528","0.327","7.263","N/A"
"01/02/2023 02:00:16","222.22456","48.202504","0.097","7.405","N/A"
"01/02/2023 03:00:20","222.488552","47.93016","0.328","7.049","N/A"
"01/02/2023 04:00:16","222.277408","48.485816","0.046","7.371","N/A"
"01/02/2023 05:00:17","222.365552","48.498104","0.332","6.818","N/A"
"01/02/2023 06:00:10","222.19856","48.380392","0.124","7.466","N/A"
"01/02/2023 07:00:16","221.859288","48.642512","0.468","7.203","N/A"
"01/02/2023 08:00:18","222.382368","48.43412","0.205","7.492","N/A"
"01/02/2023 09:00:19","222.386456","48.433504","0.332","7.181","N/A"
"01/02/2023 10:00:13","220.031984","48.337448","0.141","7.452","N/A"
"01/02/2023 11:00:27","222.162056","48.088968","0.33","7.5","N/A"
"01/02/2023 12:00:18","222.105424","48.397728","0.482","7.414","N/A"
"01/02/2023 13:00:14","222.149096","48.428384","0.366","6.779","N/A"
"01/02/2023 14:00:26","221.056104","47.611224","0.302","7.504","N/A"
"01/02/2023 15:00:16","221.619328","47.308496","0.041","7.467","N/A"
"01/02/2023 16:00:16","222.555624","48.194408","1.181","7.629","N/A"
"01/02/2023 17:00:15","221.206968","47.880504","0.201","7.442","N/A"
"01/02/2023 18:00:17","221.976872","48.046616","0.378","6.766","N/A"
"01/02/2023 19:00:16","218.195776","48.3736","0.317","7.444","N/A"
"01/02/2023 20:00:16","217.213856","48.408072","0.18","7.372","N/A"
"01/02/2023 21:00:15","216.844936","48.421752","0.023","7.447","N/A"
"01/02/2023 22:00:18","221.723448","48.209408","0.369","6.837","N/A"
"01/02/2023 23:00:15","221.274864","48.429384","0.529","6.779","N/A"
"01/03/2023 00:00:16","222.465384","48.391416","0.305","7.459","N/A"
"01/03/2023 01:00:14","221.708832","48.42728","0.111","7.246","N/A"
"01/03/2023 02:00:16","221.87376","48.44092","0.308","7.458","N/A"
"01/03/2023 03:00:15","221.959008","48.428592","0.394","6.829","N/A"
"01/03/2023 04:00:16","222.115208","48.428608","0.148","7.504","N/A"
"01/03/2023 05:00:16","222.187872","48.422584","0.074","7.423","N/A"
"01/03/2023 06:00:15","221.995232","48.427056","0.027","7.471","N/A"
"01/03/2023 07:00:15","222.22184","48.629368","0.045","7.39","N/A"
"01/03/2023 08:00:12","221.65164","48.39508","0.19","7.386","N/A"
"01/03/2023 09:00:18","222.355152","48.438744","0.078","7.457","N/A"
"01/03/2023 10:00:15","220.390048","48.3746","0.095","7.391","N/A"
"01/03/2023 11:00:20","206.026352","48.275416","0.245","7.261","N/A"
"01/03/2023 12:00:13","222.165984","47.872032","0.073","7.439","N/A"
"01/03/2023 13:00:15","220.910232","48.351624","0.014","7.474","N/A"
"01/03/2023 14:00:16","222.142352","48.329568","0.423","7.187","N/A"
"01/03/2023 15:00:13","220.639976","48.380232","0.483","7.5","N/A"
"01/03/2023 16:00:15","220.87132","48.185208","0.795","7.202","N/A"
"01/03/2023 17:00:16","221.38744","48.225904","0.413","7.311","N/A"
"01/03/2023 18:00:16","221.823968","48.242232","0.024","7.422","N/A"
"01/03/2023 19:00:19","222.277256","47.608768","0.398","7.429","N/A"
"01/03/2023 20:00:17","221.674184","46.786616","0.361","6.749","N/A"
"01/03/2023 21:00:16","206.006648","47.026304","0.514","7.329","N/A"
"01/03/2023 22:00:20","214.648096","47.591864","0.302","6.888","N/A"
"01/03/2023 23:00:17","221.784224","48.10788","0.21","7.332","N/A"
"01/04/2023 00:00:18","189.397112","45.667264","0.539","6.73","N/A"
"01/04/2023 01:00:16","222.14144","47.897416","0.11","7.418","N/A"
"01/04/2023 02:00:17","222.426888","48.151032","0.39","6.736","N/A"
"01/04/2023 03:00:17","221.840928","47.957176","0.474","7.226","N/A"
"01/04/2023 04:00:15","220.160576","47.956176","0.319","7.368","N/A"
"01/04/2023 05:00:21","221.654208","47.723336","0.052","7.469","N/A"
"01/04/2023 06:00:14","222.342224","48.133512","0.221","7.267","N/A"
"01/04/2023 07:00:14","221.610416","48.170968","0.415","7.437","N/A"
"01/04/2023 08:00:17","220.77324","48.164096","0.316","7.26","N/A"
"01/04/2023 09:00:14","221.890424","48.223664","0.175","6.804","N/A"
"01/04/2023 10:00:14","222.779344","48.20956","0.496","7.114","N/A"
"01/04/2023 11:00:15","221.9902","48.247928","0.502","6.764","N/A"
"01/04/2023 12:00:13","221.335552","47.775616","1.539","7.485","N/A"
"01/04/2023 13:00:30","210.911024","47.312152","0.09","7.423","N/A"
"01/04/2023 14:00:15","216.738616","48.389016","0.302","7.382","N/A"
"01/04/2023 15:00:19","221.958504","47.733696","0.289","7.506","N/A"
"01/04/2023 16:00:22","208.737088","43.583632","0.357","6.797","N/A"
"01/04/2023 17:00:19","215.481952","48.070352","0.019","7.461","N/A"
"01/04/2023 18:00:16","215.467784","48.031512","0.392","7.416","N/A"
"01/04/2023 19:00:19","215.178752","47.732832","0.227","6.759","N/A"
"01/04/2023 20:00:18","217.255336","47.482672","0.211","7.459","N/A"
"01/04/2023 21:00:21","222.129528","47.791192","0.082","7.407","N/A"
"01/04/2023 22:00:17","221.909832","48.114496","0.462","7.263","N/A"
"01/04/2023 23:00:19","221.974496","47.032848","0.751","7.498","N/A"
"01/05/2023 00:00:17","222.256536","47.705016","1.112","8.176","N/A"
"01/05/2023 01:00:19","221.937904","46.623072","1.398","6.772","N/A"
"01/05/2023 02:00:17","219.711704","47.341216","0.135","7.447","N/A"
"01/05/2023 03:00:19","221.619848","46.52112","0.363","6.816","N/A"
"01/05/2023 04:00:16","219.46544","47.416648","1.145","7.554","N/A"
"01/05/2023 05:00:20","221.456568","47.250608","0.393","7.38","N/A"
"01/05/2023 06:00:22","220.40188","45.902376","0.48","7.697","N/A"
"01/05/2023 07:00:16","218.5812","47.022592","1.967","7.679","N/A"
"01/05/2023 08:00:19","219.276544","45.309512","0.614","7.544","N/A"
"01/05/2023 09:00:13","220.698128","47.049776","0.452","7.441","N/A"
"01/05/2023 10:00:14","220.437144","48.242888","0.306","7.289","N/A"
"01/05/2023 11:00:16","222.630512","48.270064","0.321","7.394","N/A"
"01/05/2023 12:00:23","216.366208","44.888816","0.527","6.862","N/A"
"01/05/2023 13:00:14","221.840224","45.945672","0.341","7.311","N/A"
"01/05/2023 14:00:18","221.836168","46.639552","0.036","7.443","N/A"
"01/05/2023 15:00:16","222.48752","48.15108","0.141","7.444","N/A"
"01/05/2023 16:00:18","222.01372","47.678512","0.235","7.304","N/A"
"01/05/2023 17:00:16","221.37508","48.315576","0.265","7.485","N/A"
"01/05/2023 18:00:17","220.916712","48.066928","2.031","6.776","N/A"
"01/05/2023 19:00:17","222.193848","48.313992","0.136","7.415","N/A"
"01/05/2023 20:00:14","221.451824","48.320008","0.107","7.372","N/A"
"01/05/2023 21:00:14","221.4754","48.3128","0.357","6.762","N/A"
"01/05/2023 22:00:17","219.014088","47.99588","0.409","6.761","N/A"
"01/05/2023 23:00:18","219.771408","48.258384","0.226","7.484","N/A"
"01/06/2023 00:00:15","221.889376","48.442104","0.187","7.344","N/A"
"01/06/2023 01:00:16","220.696112","48.478448","0.107","7.365","N/A"
"01/06/2023 02:00:16","222.441128","48.455888","0.199","7.36","N/A"
"01/06/2023 03:00:16","221.590928","48.350576","0.302","7.23","N/A"
"01/06/2023 04:00:16","222.050096","48.473776","0.09","7.461","N/A"
"01/06/2023 05:00:16","222.475336","48.461976","0.072","7.387","N/A"
"01/06/2023 06:00:18","222.399032","48.463336","0.682","7.261","N/A"
"01/06/2023 07:00:14","221.338288","48.30788","0.266","7.464","N/A"
"01/06/2023 08:00:16","221.344736","48.135784","0.411","7.336","N/A"
"01/06/2023 09:00:16","221.95164","48.467632","0.297","7.441","N/A"
"01/06/2023 10:00:16","221.978264","48.455296","0.082","7.419","N/A"
"01/06/2023 11:00:16","219.929504","47.98372","0.108","7.466","N/A"
"01/06/2023 12:00:15","220.194488","43.833656","0.087","7.427","N/A"
"01/06/2023 13:00:16","219.456104","48.135448","0.194","7.497","N/A"
"01/06/2023 14:00:18","221.845536","47.76724","0.732","7.484","N/A"
"01/06/2023 15:00:15","222.21388","48.364352","0.351","6.787","N/A"
"01/06/2023 16:00:19","221.42804","48.413896","0.052","7.413","N/A"
"01/06/2023 17:00:17","221.916376","48.438512","0.043","7.465","N/A"
"01/06/2023 18:00:17","215.981672","46.882584","0.346","7.362","N/A"
"01/06/2023 19:00:21","218.054056","48.448696","0.012","7.463","N/A"
"01/06/2023 20:00:19","221.548664","48.252448","0.289","7.366","N/A"
"01/06/2023 21:00:18","221.363896","48.321088","0.063","7.42","N/A"
"01/06/2023 22:00:22","211.105192","48.41048","4.302","7.472","N/A"
"01/06/2023 23:00:25","191.795784","48.45288","0.256","7.281","N/A"
"01/07/2023 00:00:16","219.601616","47.697184","0.389","7.507","N/A"
"01/07/2023 01:00:17","222.446976","48.448016","0.047","7.448","N/A"
"01/07/2023 02:00:17","222.151456","48.353152","0.121","7.451","N/A"
"01/07/2023 03:00:16","222.28184","48.435392","0.317","6.813","N/A"
"01/07/2023 04:00:28","200.161736","45.095648","0.401","7.468","N/A"
"01/07/2023 05:00:15","222.48624","48.384928","0.206","7.453","N/A"
"01/07/2023 06:00:13","220.631968","48.483552","0.24","6.766","N/A"
"01/07/2023 07:00:18","222.166464","48.324488","0.017","7.485","N/A"
"01/07/2023 08:00:16","221.859872","48.381776","0.031","7.463","N/A"
"01/07/2023 09:00:16","221.796552","48.445864","0.235","7.304","N/A"
"01/07/2023 10:00:14","220.278376","48.385936","0.281","7.315","N/A"
"01/07/2023 11:00:16","221.743648","48.295568","0.318","7.464","N/A"
"01/07/2023 12:00:14","213.662944","46.352104","0.322","6.854","N/A"
"01/07/2023 13:00:18","220.57368","47.722328","0.188","7.468","N/A"
"01/07/2023 14:00:15","220.4064","48.3026","0.188","7.486","N/A"
"01/07/2023 15:00:16","222.289808","48.430512","0.163","7.369","N/A"
"01/07/2023 16:00:16","221.852576","48.431464","0.581","7.379","N/A"
"01/07/2023 17:00:17","222.231864","48.454328","0.278","7.085","N/A"
"01/07/2023 18:00:17","222.407672","48.5242","0.171","7.365","N/A"
"01/07/2023 19:00:20","217.66864","48.188976","0.118","7.337","N/A"
"01/07/2023 20:00:16","222.537288","48.326112","0.219","7.459","N/A"
"01/07/2023 21:00:18","222.383136","48.440856","0.157","7.406","N/A"
"01/07/2023 22:00:18","212.009312","48.143576","0.153","7.28","N/A"
"01/07/2023 23:00:12","204.39724","48.149432","0.263","7.281","N/A"
"01/08/2023 00:00:14","220.836112","47.555416","0.359","7.624","N/A"
"01/08/2023 01:00:17","222.074272","48.117432","0.299","7.195","N/A"
"01/08/2023 02:00:17","220.64188","48.143176","0.048","7.44","N/A"
"01/08/2023 03:00:19","222.439248","48.306936","0.375","7.318","N/A"
"01/08/2023 04:00:15","222.614744","48.432816","0.084","7.442","N/A"
"01/08/2023 05:00:18","222.419856","48.451768","0.055","7.413","N/A"
"01/08/2023 06:00:16","222.097984","48.350704","0.312","7.488","N/A"
"01/08/2023 07:00:14","221.815784","48.3002","0.333","7.473","N/A"
"01/08/2023 08:00:14","221.99608","48.384336","0.272","7.343","N/A"
"01/08/2023 09:00:15","222.481328","48.296384","0.056","7.449","N/A"
"01/08/2023 10:00:10","219.86584","47.202992","0.013","7.476","N/A"
"01/08/2023 11:00:15","215.165976","48.369072","0.563","7.502","N/A"
"01/08/2023 12:00:17","211.872208","48.268648","0.183","7.48","N/A"
"01/08/2023 13:00:18","221.933096","47.386984","0.039","7.372","N/A"
"01/08/2023 14:00:16","222.55048","48.452192","0.205","7.439","N/A"
"01/08/2023 15:00:16","221.132656","48.465328","0.14","7.325","N/A"
"01/08/2023 16:00:16","222.5874","48.432352","0.353","6.811","N/A"
"01/08/2023 17:00:14","219.3802","48.437968","0.643","6.795","N/A"
"01/08/2023 18:00:16","222.13476","48.425296","0.077","7.423","N/A"
"01/08/2023 19:00:23","222.043352","47.695264","0.203","7.324","N/A"
"01/08/2023 20:00:23","219.954896","48.434344","3.426","7.55","N/A"
"01/08/2023 21:00:26","222.258136","48.339576","0.047","7.444","N/A"
"01/08/2023 22:00:24","209.097152","47.51136","0.193","7.281","N/A"
"01/08/2023 23:00:25","214.772496","48.44788","1.699","7.201","N/A"
"01/09/2023 00:00:18","200.19852","48.041536","0.372","7.449","N/A"
"01/09/2023 01:00:16","222.749528","48.114968","0.341","7.337","N/A"
"01/09/2023 02:00:17","221.49848","48.408056","0.261","7.472","N/A"
"01/09/2023 03:00:14","222.462544","48.442688","0.375","6.85","N/A"
"01/09/2023 04:00:17","233.282368","48.436272","0.244","7.706","N/A"
"01/09/2023 05:00:16","232.438008","48.22436","0.417","7.415","N/A"
"01/09/2023 06:00:14","232.802008","46.1702","0.046","7.406","N/A"
"01/09/2023 07:00:17","231.2726","48.225624","0.287","7.405","N/A"
"01/09/2023 08:00:17","226.435888","48.268552","0.492","6.826","N/A"
"01/09/2023 09:00:16","232.835512","48.413072","0.465","7.286","N/A"
"01/09/2023 10:00:15","232.501016","48.300136","0.517","7.626","N/A"
"01/09/2023 11:00:16","232.57856","48.404112","0.188","7.282","N/A"
"01/09/2023 12:00:20","232.27704","48.26768","0.423","7.26","N/A"
"01/09/2023 13:00:17","231.8788","48.395088","0.142","7.403","N/A"
"01/09/2023 14:00:15","231.660632","48.22212","0.207","7.448","N/A"
"01/09/2023 15:00:16","232.268608","48.300584","0.335","7.548","N/A"
"01/09/2023 16:00:19","232.208864","48.148664","0.325","6.869","N/A"
"01/09/2023 17:00:15","232.206344","48.316816","0.348","6.804","N/A"
"01/09/2023 18:00:13","232.427472","48.131376","0.254","7.414","N/A"
"01/09/2023 19:00:18","232.6962","48.395816","0.184","7.459","N/A"
"01/09/2023 20:00:17","227.604488","48.220088","1.091","7.03","N/A"
"01/09/2023 21:00:16","232.745928","48.354944","0.471","7.509","N/A"
"01/09/2023 22:00:17","231.799088","48.310848","0.667","7.409","N/A"
"01/09/2023 23:00:14","232.257256","48.221088","0.3","7.495","N/A"
"01/10/2023 00:00:16","232.644208","48.40776","0.402","7.307","N/A"
"01/10/2023 01:00:15","232.180592","48.452344","0.283","7.286","N/A"
"01/10/2023 02:00:14","230.979128","48.419752","0.078","7.424","N/A"
"01/10/2023 03:00:15","232.972344","48.431144","0.451","7.359","N/A"
"01/10/2023 04:00:13","231.362056","48.424472","0.436","7.444","N/A"
"01/10/2023 05:00:13","232.845344","48.409496","0.172","7.34","N/A"
"01/10/2023 06:00:15","232.313224","48.441672","0.181","7.458","N/A"
"01/10/2023 07:00:13","225.446096","48.276504","0.245","7.452","N/A"
"01/10/2023 08:00:16","232.187376","48.341136","0.198","7.445","N/A"
"01/10/2023 09:00:18","220.817928","48.240056","0.418","6.729","N/A"
"01/10/2023 10:00:24","232.648272","48.02504","0.239","7.476","N/A"
"01/10/2023 11:00:12","225.002952","48.219568","0.067","7.422","N/A"
"01/10/2023 12:00:16","232.200312","47.046488","2.723","8.03","N/A"
"01/10/2023 13:00:19","226.071","48.293704","0.613","7.188","N/A"
"01/10/2023 14:00:16","232.265448","48.316992","0.203","7.399","N/A"
"01/10/2023 15:00:14","230.897312","48.015064","0.211","7.472","N/A"
"01/10/2023 16:00:21","232.045152","48.251144","0.164","7.469","N/A"
"01/10/2023 17:00:17","225.88236","48.262392","0.311","7.409","N/A"
"01/10/2023 18:00:18","231.61524","48.150696","0.298","7.25","N/A"
"01/10/2023 19:00:15","232.801408","48.346896","0.281","7.263","N/A"
"01/10/2023 20:00:18","228.120776","48.305256","0.365","7.519","N/A"
"01/10/2023 21:00:18","232.835192","48.3646","0.281","7.268","N/A"
"01/10/2023 22:00:15","232.09652","48.333928","0.293","7.329","N/A"
"01/10/2023 23:00:17","232.616208","48.363672","0.135","7.462","N/A"
"01/11/2023 00:00:16","232.757696","48.379384","0.376","6.812","N/A"
"01/11/2023 01:00:16","232.652944","48.428832","0.327","7.538","N/A"
"01/11/2023 02:00:14","232.01956","48.444256","0.32","7.525","N/A"
"01/11/2023 03:00:19","232.434856","48.433488","0.349","7.438","N/A"
"01/11/2023 04:00:15","232.454016","48.379432","0.423","7.326","N/A"
"01/11/2023 05:00:18","232.892864","48.385128","0.402","7.423","N/A"
"01/11/2023 06:00:15","231.740464","48.529464","0.265","7.477","N/A"
"01/11/2023 07:00:17","232.274528","48.453296","0.388","7.545","N/A"
"01/11/2023 08:00:17","233.046776","48.426536","0.378","6.765","N/A"
"01/11/2023 09:00:26","144.774456","48.434336","0.392","8.162","N/A"
"01/11/2023 10:00:13","231.247264","48.485184","0.337","7.412","N/A"
"01/11/2023 11:00:16","231.846616","47.993456","0.234","7.47","N/A"
"01/11/2023 12:00:20","231.012016","48.315072","0.24","6.757","N/A"
"01/11/2023 13:00:15","231.943136","48.289168","1.109","6.794","N/A"
"01/11/2023 14:00:24","141.471984","47.33788","0.399","7.402","N/A"
"01/11/2023 15:00:16","232.157336","48.278392","0.618","6.884","N/A"
"01/11/2023 16:00:19","232.25764","47.062792","0.014","7.456","N/A"
"01/11/2023 17:00:20","232.270264","48.016952","0.313","7.384","N/A"
"01/11/2023 18:00:14","232.77896","48.17448","0.195","7.464","N/A"
"01/11/2023 19:00:15","232.808816","48.26988","0.375","7.443","N/A"
"01/11/2023 20:00:18","217.433744","47.899608","0.082","7.398","N/A"
"01/11/2023 21:00:22","225.353696","48.234312","0.207","6.737","N/A"
"01/11/2023 22:00:18","229.906936","46.118016","0.424","7.525","N/A"
"01/11/2023 23:00:17","231.745728","47.231824","0.078","7.414","N/A"
"01/12/2023 00:00:15","230.868016","48.290176","0.333","6.763","N/A"
"01/12/2023 01:00:17","232.573168","47.753528","0.379","7.436","N/A"
"01/12/2023 02:00:19","232.351992","48.165808","0.438","7.467","N/A"
"01/12/2023 03:00:17","232.559168","48.112352","0.049","7.435","N/A"
"01/12/2023 04:00:15","232.8726","48.339632","0.179","7.419","N/A"
"01/12/2023 05:00:17","232.175464","48.43012","0.158","7.479","N/A"
"01/12/2023 06:00:14","233.006488","48.2874","0.233","7.474","N/A"
"01/12/2023 07:00:17","232.708064","48.203456","0.228","7.296","N/A"
"01/12/2023 08:00:14","233.08332","48.101976","0.024","7.432","N/A"
"01/12/2023 09:00:16","232.530216","48.422032","0.647","7.244","N/A"
"01/12/2023 10:00:15","226.711296","48.382384","0.339","7.419","N/A"
"01/12/2023 11:00:17","232.263512","48.416512","0.033","7.426","N/A"
"01/12/2023 12:00:18","232.103384","48.353848","0.448","7.459","N/A"
"01/12/2023 13:00:18","232.537832","48.301464","0.054","7.395","N/A"
"01/12/2023 14:00:17","231.67172","48.325944","0.352","7.195","N/A"
"01/12/2023 15:00:13","231.93504","48.09848","0.215","7.406","N/A"
"01/12/2023 16:00:25","151.832624","48.211872","0.348","7.408","N/A"
"01/12/2023 17:00:16","231.919272","47.844944","0.13","7.277","N/A"
"01/12/2023 18:00:18","232.336768","48.2818","0.225","7.446","N/A"
"01/12/2023 19:00:16","232.823752","48.190656","0.215","7.436","N/A"
"01/12/2023 20:00:14","233.252368","48.292432","0.431","7.508","N/A"
"01/12/2023 21:00:20","220.769552","48.235712","0.494","7.498","N/A"
"01/12/2023 22:00:16","232.505016","48.277632","0.419","7.421","N/A"
"01/12/2023 23:00:17","219.24832","48.042648","0.214","7.353","N/A"
"01/13/2023 00:00:14","229.785296","48.3646","0.16","6.886","N/A"
"01/13/2023 01:00:19","233.012272","48.43976","0.24","7.352","N/A"
"01/13/2023 02:00:16","232.703528","48.373072","0.243","7.207","N/A"
"01/13/2023 03:00:16","233.127672","48.418712","0.237","7.349","N/A"
"01/13/2023 04:00:13","232.193792","48.438048","0.131","7.373","N/A"
"01/13/2023 05:00:14","232.494768","48.185568","0.022","7.425","N/A"
"01/13/2023 06:00:13","232.66264","48.413576","0.425","7.521","N/A"
"01/13/2023 07:00:15","232.419856","48.362912","0.22","7.414","N/A"
"01/13/2023 08:00:18","232.282856","48.76924","0.273","7.461","N/A"
"01/13/2023 09:00:13","232.201832","47.970416","0.41","7.371","N/A"
"01/13/2023 10:00:15","231.797624","48.46496","0.211","7.298","N/A"
"01/13/2023 11:00:14","231.275504","48.434224","0.262","7.51","N/A"
"01/13/2023 12:00:24","195.447664","44.032536","0.207","7.19","N/A"
"01/13/2023 13:00:19","229.407856","48.31756","0.205","7.439","N/A"
"01/13/2023 14:00:17","232.2768","48.348144","0.109","7.263","N/A"
"01/13/2023 15:00:16","232.311184","48.127416","0.507","6.766","N/A"
"01/13/2023 16:00:18","232.474328","48.52968","0.2","7.43","N/A"
"01/13/2023 17:00:16","231.503256","48.018152","0.38","6.753","N/A"
"01/13/2023 18:00:19","232.885616","48.40264","0.549","6.726","N/A"
"01/23/2023 12:00:20","258.824136","46.479968","0.44","6.885","N/A"
"01/23/2023 13:00:17","240.057664","40.115864","0.803","7.393","N/A"
"01/23/2023 14:00:20","150.717936","36.52672","1.553","7.435","N/A"
"01/23/2023 15:00:22","147.170528","36.64852","0.239","7.436","N/A"
"01/23/2023 16:00:23","155.77296","37.426224","0.28","7.436","N/A"
"01/23/2023 17:00:29","267.25112","41.086992","0.851","44.952","0"
"01/23/2023 18:00:33","269.874296","42.864568","1.353","7.517","N/A"
"01/23/2023 19:00:22","279.996288","48.016552","0.079","7.378","N/A"
"01/23/2023 20:00:15","274.89548","48.202072","0.378","6.781","N/A"
"01/23/2023 21:00:22","278.448392","47.447824","0.293","7.444","N/A"
"01/23/2023 22:00:20","279.630136","47.966648","0.404","6.832","N/A"
"01/23/2023 23:00:14","277.82232","48.243136","0.495","7.512","N/A"
"01/24/2023 00:00:15","279.791736","48.200912","0.169","7.489","N/A"
"01/24/2023 01:00:18","279.757312","48.059032","0.098","7.455","N/A"
"01/24/2023 02:00:18","286.053416","48.306136","0.298","7.429","N/A"
"01/24/2023 03:00:19","283.57416","48.2746","0.213","7.474","N/A"
"01/24/2023 04:00:24","286.650024","48.04672","0.078","7.456","N/A"
"01/24/2023 05:00:13","286.118448","44.394736","0.636","7.44","N/A"
"01/24/2023 06:00:11","285.401824","48.172368","1.064","7.448","N/A"
"01/24/2023 07:00:15","285.845848","48.047264","0.113","7.441","N/A"
"01/24/2023 08:00:19","285.913408","47.78948","0.327","7.512","N/A"
"01/24/2023 09:00:22","285.864728","47.827376","0.536","7.455","N/A"
"01/24/2023 10:00:15","285.535608","48.228952","0.363","6.771","N/A"
"01/24/2023 11:00:15","283.710736","47.01172","0.016","7.46","N/A"
"01/24/2023 12:00:19","268.002984","47.364616","0.435","7.455","N/A"
"01/24/2023 13:00:16","285.357504","47.661976","0.523","7.318","N/A"
"01/24/2023 14:00:25","285.574064","48.032336","0.239","7.433","N/A"
"01/24/2023 15:00:18","286.1974","48.592176","0.209","7.299","N/A"
"01/24/2023 16:00:12","281.967888","48.160616","0.122","7.401","N/A"
"01/24/2023 17:00:20","286.073128","48.057664","0.288","7.27","N/A"
"01/24/2023 18:00:14","283.946752","48.283968","0.458","7.224","N/A"
"01/24/2023 19:00:13","278.07288","48.25832","0.49","7.195","N/A"
"01/24/2023 20:00:17","285.943096","48.257008","0.067","7.406","N/A"
"01/24/2023 21:00:25","278.379328","47.827192","0.056","7.431","N/A"
"01/24/2023 22:00:14","273.792864","47.926888","0.307","7.515","N/A"
"01/24/2023 23:00:18","286.047304","48.064152","0.148","7.31","N/A"
"01/25/2023 00:00:16","286.45336","48.341696","0.13","7.343","N/A"
"01/25/2023 01:00:14","284.950024","48.091664","0.323","7.459","N/A"
